{
  "0": {
    "cognitive_load": 0.2718238095238096,
    "accuracies": [
      1.0,
      1.0,
      0.8,
      0.8,
      1.0,
      1.0,
      0.6,
      0.8,
      1.0,
      0.8,
      0.8,
      1.0,
      1.0,
      0.6,
      0.8,
      0.8,
      0.6,
      1.0,
      0.8,
      0.8,
      1.0,
      0.8,
      0.8,
      0.6,
      0.8,
      0.8,
      0.8,
      0.8,
      1.0,
      0.6,
      1.0,
      1.0,
      0.8
    ],
    "count": 33
  },
  "1": {
    "cognitive_load": 0.3649,
    "accuracies": [
      1.0,
      0.8,
      1.0,
      1.0,
      0.8,
      1.0,
      1.0,
      1.0,
      1.0,
      1.0,
      1.0,
      0.8,
      1.0,
      0.8,
      1.0,
      1.0,
      1.0,
      1.0,
      0.8,
      0.8,
      0.8,
      1.0,
      1.0,
      0.6,
      0.4,
      0.8,
      0.8,
      0.6,
      0.8,
      0.8
    ],
    "count": 30
  },
  "2": {
    "cognitive_load": 0.4579761904761905,
    "accuracies": [
      1.0,
      0.8,
      0.8,
      0.8,
      1.0,
      0.8,
      0.8,
      0.6,
      0.6,
      1.0,
      0.6,
      0.8,
      0.6,
      0.8,
      1.0,
      0.8,
      1.0,
      0.8,
      1.0,
      0.6,
      0.6,
      0.6,
      0.4,
      0.6,
      0.6,
      0.6,
      0.2,
      0.8,
      0.6,
      1.0,
      0.6,
      0.2,
      0.8,
      0.6,
      0.8
    ],
    "count": 35
  },
  "3": {
    "cognitive_load": 0.551052380952381,
    "accuracies": [
      0.8,
      1.0,
      0.8,
      0.8,
      0.8,
      0.8,
      1.0,
      0.8,
      0.8,
      1.0,
      0.8,
      0.6,
      0.6,
      1.0,
      0.8,
      0.6,
      0.6,
      0.8,
      0.8
    ],
    "count": 19
  },
  "4": {
    "cognitive_load": 0.6441285714285714,
    "accuracies": [
      1.0,
      1.0
    ],
    "count": 2
  }
}