bin_id,cognitive_load_center,sample_count,mean_accuracy,std_accuracy,min_accuracy,max_accuracy,median_accuracy,accuracy_data
0,0.2718238095238096,33,0.8424242424242424,0.13713586059375468,0.6,1.0,0.8,"[1.0, 1.0, 0.8, 0.8, 1.0, 1.0, 0.6, 0.8, 1.0, 0.8, 0.8, 1.0, 1.0, 0.6, 0.8, 0.8, 0.6, 1.0, 0.8, 0.8, 1.0, 0.8, 0.8, 0.6, 0.8, 0.8, 0.8, 0.8, 1.0, 0.6, 1.0, 1.0, 0.8]"
1,0.3649,30,0.8800000000000001,0.15143755588800725,0.4,1.0,1.0,"[1.0, 0.8, 1.0, 1.0, 0.8, 1.0, 1.0, 1.0, 1.0, 1.0, 1.0, 0.8, 1.0, 0.8, 1.0, 1.0, 1.0, 1.0, 0.8, 0.8, 0.8, 1.0, 1.0, 0.6, 0.4, 0.8, 0.8, 0.6, 0.8, 0.8]"
2,0.4579761904761905,35,0.7200000000000001,0.2039607805437114,0.2,1.0,0.8,"[1.0, 0.8, 0.8, 0.8, 1.0, 0.8, 0.8, 0.6, 0.6, 1.0, 0.6, 0.8, 0.6, 0.8, 1.0, 0.8, 1.0, 0.8, 1.0, 0.6, 0.6, 0.6, 0.4, 0.6, 0.6, 0.6, 0.2, 0.8, 0.6, 1.0, 0.6, 0.2, 0.8, 0.6, 0.8]"
3,0.551052380952381,19,0.8,0.12977713690461004,0.6,1.0,0.8,"[0.8, 1.0, 0.8, 0.8, 0.8, 0.8, 1.0, 0.8, 0.8, 1.0, 0.8, 0.6, 0.6, 1.0, 0.8, 0.6, 0.6, 0.8, 0.8]"
4,0.6441285714285714,2,1.0,0.0,1.0,1.0,1.0,"[1.0, 1.0]"
